,INDEX,TARGET_FLAG,TARGET_FLAG_PROB
0,3,0,0.12883669248204685
1,9,0,0.221101156944978
2,10,0,0.12183246692679581
3,18,0,0.2600936960303692
4,21,0,0.1762933464559691
5,30,0,0.2066505761085585
6,31,0,0.4540651910489562
7,37,0,0.4136445135715175
8,39,0,0.02568153152171815
9,47,0,0.1498543529461293
10,60,0,0.022512041498939594
11,62,1,0.63009129949786
12,63,1,0.8550667867909144
13,64,0,0.11982194847326677
14,68,0,0.03714745252591807
15,75,1,0.6219790328727066
16,76,1,0.6851193841788095
17,83,0,0.2063125775035524
18,87,1,0.6302090938612424
19,92,0,0.4110964006887266
20,98,0,0.0971741653487504
21,106,0,0.4281842924183959
22,107,0,0.04554240438993643
23,113,0,0.4162560510602283
24,120,0,0.34272791108632655
25,123,0,0.4346593414688858
26,125,0,0.47792211850936
27,126,0,0.4602749024740591
28,128,0,0.07804502874943581
29,129,0,0.15630116950861592
30,131,0,0.11154512158718338
31,135,0,0.40907692767750464
32,141,0,0.08681687610890275
33,147,0,0.19298163500634868
34,148,0,0.2004576682319142
35,151,0,0.04563102974846227
36,156,0,0.18979693998194
37,157,0,0.17356951624816797
38,174,0,0.0933320773793673
39,186,1,0.5588839223918189
40,193,0,0.349522537267737
41,195,1,0.6108994165442646
42,212,0,0.016257460410504458
43,213,1,0.5880397614204321
44,217,0,0.004216660258191109
45,223,0,0.2602965632788059
46,226,0,0.06348773822302237
47,228,0,0.3441960104713849
48,230,0,0.014213444588541903
49,241,1,0.6778818501999789
50,243,0,0.14927461599511538
51,249,0,0.34056390589304975
52,281,1,0.7861414268470318
53,288,0,0.06181769263838368
54,294,0,0.2440887239247345
55,295,0,0.2533269922573037
56,300,0,0.39421706545163643
57,302,0,0.40519193696812744
58,303,0,0.0957834516980509
59,308,1,0.5946492529336939
60,319,0,0.0118342852548162
61,320,0,0.055703579641539276
62,324,0,0.3780232573465234
63,331,0,0.11583459892278346
64,343,0,0.05994697272249857
65,347,0,0.34725206875822007
66,348,1,0.7928290330244621
67,350,1,0.6255475280140654
68,357,0,0.20167277846556905
69,358,0,0.05097529660583554
70,360,0,0.023369115673707197
71,366,0,0.1996892769860088
72,367,1,0.6946684579750996
73,368,0,0.3127406668989759
74,376,1,0.6898771542482095
75,380,0,0.2630324598082532
76,388,0,0.43494242802861277
77,396,0,0.25855846922552195
78,398,0,0.17646503492015891
79,403,0,0.04309304816127502
80,410,1,0.571384891462717
81,412,0,0.3961011073793048
82,420,0,0.3953756958621563
83,434,0,0.03679553861554293
84,440,0,0.47902097287179424
85,450,1,0.5350316174833946
86,453,0,0.3105409209847093
87,464,0,0.3219147488939626
88,465,0,0.0423399806793902
89,466,1,0.771509188666451
90,473,0,0.0822609604104222
91,476,0,0.058922656091613575
92,478,0,0.06051849688786609
93,479,0,0.10919921741043978
94,493,0,0.0453443736722871
95,497,0,0.1658680544461273
96,503,0,0.007194826666110114
97,504,0,0.3776834428045048
98,505,0,0.3859728655831968
99,507,0,0.169648347365186
100,513,0,0.4022431994758504
101,519,1,0.5277933222780653
102,521,1,0.6425832221714527
103,522,1,0.7003622336715873
104,545,0,0.08298381406329214
105,549,0,0.1003071339645555
106,551,0,0.20597856489849287
107,556,0,0.08346210780081754
108,557,0,0.4577299909089024
109,559,0,0.24222207502424603
110,560,1,0.7027899315927971
111,566,0,0.02759224506144596
112,569,0,0.2574471689042556
113,573,0,0.18744063543244907
114,578,1,0.6448462293172703
115,579,0,0.04856268168900975
116,582,0,0.013546970665658967
117,596,1,0.6758401339198005
118,598,1,0.6122898675581541
119,599,0,0.15714855341775227
120,602,0,0.22207973869701306
121,605,1,0.787835505237436
122,617,1,0.6363991633932943
123,619,0,0.38572363942352555
124,630,0,0.20837301681841397
125,634,0,0.3966896335745994
126,643,0,0.3908616480010568
127,645,0,0.2523232435652702
128,647,0,0.2430539347102068
129,649,0,0.10820949083864159
130,656,0,0.09762801266391691
131,657,0,0.12259047543726369
132,658,0,0.1998445141880232
133,667,0,0.06475951246092058
134,692,0,0.11977302111563766
135,693,0,0.24317594343038582
136,698,1,0.79814167777246
137,699,1,0.6205986538287354
138,700,0,0.039924111502567125
139,704,0,0.12218757248747329
140,707,0,0.06663793589679808
141,708,1,0.7545597959246026
142,709,0,0.12815062124219626
143,713,0,0.14207346439000737
144,714,0,0.07822377024681117
145,716,1,0.574680290874324
146,718,0,0.15366826635407574
147,722,0,0.13289676833437686
148,729,0,0.3785955302681689
149,731,0,0.03072873369794472
150,733,1,0.6127725551966374
151,746,0,0.3571582444347499
152,747,1,0.7758432621662502
153,748,1,0.5099515858806383
154,753,0,0.3064734100282425
155,757,0,0.44685940049784084
156,763,0,0.024814416096416436
157,767,0,0.1380435618107206
158,774,0,0.4912543275912058
159,776,1,0.5079507723114383
160,788,0,0.21022582936539086
161,794,0,0.13309446875642478
162,799,0,0.2712637475076412
163,803,0,0.1404393709265498
164,806,1,0.6148719804363674
165,807,0,0.26083051859223866
166,811,0,0.037007307255179395
167,816,0,0.14660715088989648
168,818,0,0.3604611061866186
169,819,0,0.13977907263500897
170,831,0,0.09385965545645235
171,835,1,0.5878348683796667
172,837,0,0.20548013978856508
173,841,1,0.8415500539676082
174,846,0,0.34840955661481465
175,856,0,0.39926517536197387
176,861,1,0.5304792672495472
177,862,1,0.6330963074663828
178,863,1,0.7803883173366964
179,865,1,0.6886067697999175
180,871,1,0.5730862864620377
181,879,0,0.22795521945146022
182,880,0,0.1225839822289886
183,881,0,0.30759381627637483
184,885,0,0.2823454275415387
185,887,0,0.35361516150791067
186,892,0,0.055471348696508965
187,898,0,0.06936922362462063
188,900,0,0.19935559349264412
189,904,0,0.25341682668584303
190,906,1,0.5848778493785898
191,910,1,0.7356040099600574
192,912,0,0.39231794947124154
193,913,0,0.4358885897800803
194,919,0,0.08395233987965262
195,924,1,0.5827570530346522
196,925,0,0.4469330211294277
197,930,0,0.20274621971190282
198,940,0,0.2750411373529965
199,941,0,0.16047801387039726
200,946,0,0.17537646276047897
201,949,0,0.37850833848956694
202,951,0,0.07511872830619329
203,962,0,0.04081995040133176
204,966,0,0.06658231568610694
205,967,0,0.014069950492097116
206,971,1,0.8424977800263106
207,981,0,0.018846853648911085
208,982,0,0.05983284885224761
209,983,0,0.07474343762967683
210,984,0,0.024277943821591486
211,989,0,0.1922710560541371
212,990,1,0.6308930798917569
213,992,1,0.510356155055054
214,995,0,0.05775705636235372
215,996,0,0.3494294924241594
216,998,0,0.3910565433436005
217,1001,0,0.05960252484717886
218,1007,0,0.17409764684255138
219,1008,0,0.02827485929542002
220,1016,0,0.039413181374554726
221,1022,0,0.04905816424161081
222,1027,0,0.4930375517821588
223,1032,0,0.361144261900604
224,1033,0,0.11168512892822686
225,1041,0,0.2511567138697473
226,1065,1,0.6510286157490603
227,1074,1,0.5067690711124024
228,1075,0,0.3556536514523231
229,1081,0,0.1496780846807426
230,1094,0,0.038280130551429016
231,1099,0,0.04367974837171985
232,1105,0,0.4881986878909323
233,1123,0,0.11135045567739052
234,1135,0,0.008068374464380542
235,1142,0,0.19038046379837992
236,1155,0,0.09316852406739502
237,1169,0,0.01877730087769352
238,1176,0,0.023726953171293634
239,1178,1,0.6941961818731887
240,1180,0,0.028599931699264086
241,1184,0,0.11954082340838022
242,1185,1,0.610977384963497
243,1193,0,0.25130098740007173
244,1196,0,0.15890069834728074
245,1199,0,0.4354098899407754
246,1203,0,0.3150424872539125
247,1205,0,0.4673525902331022
248,1207,0,0.042511164072891426
249,1208,1,0.5551173592253064
250,1212,1,0.5728814506731196
251,1213,1,0.5945899770735348
252,1222,0,0.06260856972315032
253,1223,0,0.34917297802364766
254,1226,0,0.428216188250376
255,1227,0,0.30039078671970054
256,1229,0,0.1431907340690884
257,1230,0,0.2685599448801834
258,1231,1,0.5573735109174913
259,1241,0,0.06661828756740563
260,1243,0,0.06131184955859399
261,1244,0,0.1261267269235632
262,1246,0,0.19034816060227627
263,1248,0,0.1545631491341703
264,1249,0,0.160923540791703
265,1252,0,0.08114595467804557
266,1261,0,0.10917097448348935
267,1275,0,0.0895554335511489
268,1281,1,0.8823726537761306
269,1285,1,0.5436564014231122
270,1288,1,0.5468307918781034
271,1290,0,0.05529412017770219
272,1291,0,0.31711346372804516
273,1304,1,0.7029817576655149
274,1305,0,0.12508360836562
275,1323,0,0.30402201681976615
276,1342,1,0.6456900441769199
277,1348,0,0.16036098583687872
278,1353,0,0.31107646793745247
279,1363,0,0.23758798558788094
280,1371,0,0.17781955889292933
281,1372,0,0.3082972017131706
282,1378,0,0.30976119978767364
283,1381,0,0.396419035444749
284,1382,0,0.3186492059628608
285,1393,1,0.5173669150186724
286,1394,0,0.016673542164464112
287,1398,0,0.3807149622510744
288,1404,0,0.4812630627274437
289,1405,1,0.7635625206777298
290,1419,0,0.34921645743507046
291,1421,0,0.16696997404200714
292,1426,0,0.05947787417059909
293,1431,1,0.5087960088340132
294,1435,0,0.0259760842549376
295,1437,0,0.4627304568252194
296,1438,0,0.18328128230260876
297,1442,1,0.5482659016097705
298,1464,0,0.08982436967067876
299,1471,0,0.2721612484066748
300,1473,0,0.2691256831173897
301,1476,0,0.05242924432593612
302,1478,0,0.3117319730489053
303,1479,0,0.47748727652776557
304,1487,0,0.46978091578651116
305,1492,0,0.38371697721867865
306,1496,0,0.1262613286556058
307,1497,1,0.5654754425613654
308,1515,0,0.017585971323642428
309,1519,0,0.23026000484124673
310,1522,1,0.6849336945422039
311,1526,0,0.3695432630151983
312,1537,0,0.04627555732037936
313,1538,1,0.9189873448045573
314,1540,0,0.23330036444675437
315,1543,0,0.1259963293588248
316,1548,0,0.2655132964341549
317,1549,0,0.1196905095678073
318,1556,1,0.6128126992312366
319,1564,0,0.01584801409377361
320,1570,0,0.2053128337276484
321,1577,1,0.6565325635435998
322,1585,0,0.16032967913439397
323,1590,0,0.24644948138980508
324,1592,1,0.7609891308170696
325,1594,0,0.39499523562861694
326,1596,1,0.5947440223382873
327,1598,0,0.2298623216842585
328,1603,0,0.3799110225461153
329,1607,0,0.2739133804852858
330,1612,0,0.06729165436136494
331,1627,0,0.03450778811879416
332,1629,1,0.7913557000983218
333,1630,0,0.1706496993663003
334,1640,0,0.3047577107921341
335,1641,0,0.30528007017974956
336,1646,0,0.18244061139658663
337,1662,1,0.5513619234612075
338,1668,0,0.17111789631967514
339,1671,0,0.043047167337622066
340,1672,1,0.6093683637526758
341,1673,1,0.559232567381249
342,1686,0,0.39114522418210124
343,1688,1,0.6774521810614382
344,1696,0,0.02210493504907736
345,1701,0,0.043663320496748835
346,1707,0,0.12213920441439255
347,1708,0,0.06925444552038756
348,1713,0,0.051902859634942296
349,1715,0,0.2071627223875162
350,1717,0,0.035811290324478134
351,1721,0,0.2613743485242315
352,1724,1,0.8498446854535141
353,1725,1,0.7780045944091498
354,1730,0,0.08134439427001251
355,1731,1,0.5964175871365427
356,1734,0,0.40816064283171705
357,1740,0,0.18026776628951907
358,1748,0,0.02646540689362369
359,1749,0,0.07783573357274998
360,1750,1,0.6797660329007177
361,1763,0,0.2579059021855659
362,1768,0,0.0949281788373736
363,1773,1,0.6409059972390795
364,1777,0,0.12995804822262383
365,1778,0,0.37568954719302455
366,1780,0,0.13868715564161563
367,1782,0,0.3429337299001571
368,1784,0,0.04787483666572551
369,1786,0,0.22862887305431806
370,1787,0,0.17031057536491367
371,1792,0,0.293646753486358
372,1800,0,0.47718281446450206
373,1801,0,0.1974809362404664
374,1803,0,0.15778830133058125
375,1804,1,0.5874188017701525
376,1807,0,0.011393555334585135
377,1818,0,0.2450338119704488
378,1821,0,0.024033198030308102
379,1822,0,0.0827208928818798
380,1828,0,0.08202040477807618
381,1833,0,0.27353613146816297
382,1844,0,0.3458846060815854
383,1847,0,0.3019948551739798
384,1850,0,0.04827211426514433
385,1854,0,0.45771901128527304
386,1858,0,0.36296514030664284
387,1864,0,0.17206103386203817
388,1867,0,0.09570518513682606
389,1876,1,0.6909560626734362
390,1880,0,0.28567572775219247
391,1881,0,0.07414979826005123
392,1891,0,0.1861273075765357
393,1894,0,0.24878196648671566
394,1895,0,0.04915532339662787
395,1901,0,0.4404712409909462
396,1905,0,0.06467114094526132
397,1912,0,0.3280602254723159
398,1918,0,0.3241839461005507
399,1921,0,0.42604261831487705
400,1923,0,0.3864552667295497
401,1924,0,0.20685153519283245
402,1931,0,0.08824258580581593
403,1941,0,0.06801903772973777
404,1950,0,0.08766028788886716
405,1951,0,0.2227164743651008
406,1954,0,0.012846289612329923
407,1961,0,0.37190597084494825
408,1966,0,0.010051396950316304
409,1979,0,0.13050597953891713
410,1982,0,0.07425257860136475
411,1987,1,0.8025097064377266
412,1997,0,0.33386163033812294
413,2004,0,0.018339064206509176
414,2011,1,0.6602153361819642
415,2015,0,0.3680811241195726
416,2025,0,0.016302342358432843
417,2033,0,0.35137601389801293
418,2034,0,0.005435039559661445
419,2035,0,0.11230573122780224
420,2036,1,0.5894956044822593
421,2053,1,0.6536621809161832
422,2059,1,0.7730883198081198
423,2060,0,0.027942239629362403
424,2073,0,0.2345892579164011
425,2084,0,0.3984933250719721
426,2089,0,0.07807199672608967
427,2092,0,0.2876536108581116
428,2109,1,0.5232637395976706
429,2129,0,0.3699604280965323
430,2134,0,0.4116211606228594
431,2135,0,0.024785328309662725
432,2148,0,0.014926232258152533
433,2149,0,0.017926129888296616
434,2150,0,0.2886712406537896
435,2165,1,0.7430217110231792
436,2166,0,0.045867246357843894
437,2168,0,0.04785508147036982
438,2170,0,0.17915495305428977
439,2171,0,0.16549075996810628
440,2172,0,0.02352793081685871
441,2176,0,0.16985189413006097
442,2182,0,0.08276356756882593
443,2189,0,0.13497155183527182
444,2191,0,0.034499138058421606
445,2197,0,0.026440010010069705
446,2202,0,0.14243661749785566
447,2203,0,0.11960742047212411
448,2204,1,0.6383854085998604
449,2206,1,0.715837152228002
450,2218,0,0.07091855709652439
451,2219,0,0.12760736289953561
452,2221,0,0.3422046488994602
453,2226,0,0.11786309436880246
454,2228,0,0.4171293172234661
455,2232,1,0.5053714320929306
456,2236,0,0.34914345979540246
457,2241,1,0.8200001899872741
458,2245,0,0.04130917441003769
459,2251,0,0.34234866591123536
460,2255,0,0.04843993876175734
461,2256,0,0.011104256974114988
462,2259,0,0.01559178953613027
463,2263,0,0.28791411840763703
464,2264,0,0.03867735724404781
465,2267,0,0.10189643174108463
466,2273,1,0.8183497250000961
467,2277,1,0.6390579841668633
468,2287,0,0.21583909587459613
469,2289,0,0.32748852576862525
470,2291,0,0.0569092143629369
471,2296,1,0.7820486214444501
472,2299,0,0.0877405372582777
473,2306,0,0.05046726505688694
474,2314,0,0.23350861671315187
475,2317,0,0.018170773157345988
476,2318,1,0.6758246448111198
477,2321,1,0.871846572522618
478,2324,0,0.04148607036405144
479,2340,0,0.44468743376466
480,2343,0,0.043653266862439886
481,2349,0,0.2210883399075403
482,2352,0,0.19679549054788284
483,2353,0,0.37193897495729045
484,2365,1,0.7784844145800552
485,2370,1,0.6228029262926247
486,2378,0,0.16969071955488263
487,2390,0,0.4750881256406263
488,2399,0,0.22108010401372308
489,2402,1,0.7170008226684532
490,2403,1,0.5683653718760534
491,2404,0,0.08766871182246985
492,2414,0,0.11724857975385382
493,2422,0,0.322130148004404
494,2424,0,0.11591553703049717
495,2430,1,0.6044256810661123
496,2435,0,0.26661758244197215
497,2439,0,0.06453369013051481
498,2442,0,0.44625567323377596
499,2445,0,0.32750085617656527
500,2449,0,0.2650261824051862
501,2451,0,0.33160641112265854
502,2461,1,0.7929213547761642
503,2464,0,0.15736190877872971
504,2465,1,0.6165605247060151
505,2472,0,0.047123754326168416
506,2476,0,0.44083071643624683
507,2482,0,0.27532186534336933
508,2487,0,0.16281310653732486
509,2498,0,0.2465200379610991
510,2501,0,0.0710338031840452
511,2504,0,0.191780472872699
512,2511,0,0.3134019422249673
513,2518,0,0.023276718073330937
514,2521,0,0.17398619446729194
515,2530,0,0.08357836533451593
516,2543,1,0.6578891439535249
517,2545,0,0.45515246799956455
518,2561,0,0.3938730935921938
519,2566,1,0.5123570707703572
520,2572,0,0.22018599959398746
521,2577,0,0.12115553385096993
522,2578,0,0.2809335986317471
523,2580,0,0.23883536072803008
524,2581,0,0.12290454866423753
525,2582,0,0.050666925589427175
526,2584,0,0.04992332385478861
527,2590,0,0.023117216254232662
528,2598,0,0.007958242417251146
529,2602,0,0.12210643644931284
530,2605,0,0.0071043192270682865
531,2616,0,0.22936245986643272
532,2618,0,0.21229145218995524
533,2619,0,0.3374729833204056
534,2624,0,0.044060832398887514
535,2632,0,0.20814202230007714
536,2640,0,0.24626047272069218
537,2646,0,0.01998742347333786
538,2651,0,0.15854453356205606
539,2660,0,0.035586899091636655
540,2661,0,0.03799092568872848
541,2668,0,0.06699557948203587
542,2670,0,0.37203621665674047
543,2680,0,0.3889101580511511
544,2681,0,0.009610645603346357
545,2689,0,0.20264436633358016
546,2694,0,0.06312769055242438
547,2695,1,0.8242904167027856
548,2696,0,0.45408896417415767
549,2702,0,0.04605054488549628
550,2704,0,0.1031391894146993
551,2708,0,0.08088473279648833
552,2709,0,0.059435540702713105
553,2714,0,0.4205720931392531
554,2716,0,0.07158354853728105
555,2723,0,0.09754901276278079
556,2725,0,0.4135928452660061
557,2738,0,0.04375218145512533
558,2750,0,0.4152954303738374
559,2756,0,0.3246861705542289
560,2758,0,0.08090080563071879
561,2766,0,0.3173255833620644
562,2767,0,0.4014249504854081
563,2771,0,0.24318975414935
564,2775,0,0.49963741108528487
565,2776,0,0.11716358579723075
566,2779,1,0.9490393953840671
567,2780,0,0.3524759254777843
568,2781,0,0.42297085551700947
569,2782,1,0.6304369097239259
570,2783,0,0.14382479613257768
571,2796,0,0.20934205932163463
572,2798,0,0.26883943255936565
573,2800,0,0.07365484941059092
574,2803,0,0.11046722831599483
575,2806,0,0.0036531742041075337
576,2813,0,0.12195938810966044
577,2818,0,0.1051407996629693
578,2821,1,0.5060768254525871
579,2825,0,0.20167195986987235
580,2829,0,0.03703928890077182
581,2830,1,0.5373641828547387
582,2833,0,0.0778850812078784
583,2839,1,0.7783065818714693
584,2843,0,0.05284778626166341
585,2846,0,0.06248468947432722
586,2847,0,0.0731320751309408
587,2848,0,0.10979138615873317
588,2856,1,0.7625880877972562
589,2863,0,0.4907698396867854
590,2867,0,0.4159642631333632
591,2869,0,0.15484460421983204
592,2873,0,0.006767861184556181
593,2874,0,0.4055227582480656
594,2875,1,0.5383967170173921
595,2880,1,0.6185398095410078
596,2886,0,0.47841763408550886
597,2887,0,0.4072912405232526
598,2888,0,0.23878564290902976
599,2889,1,0.6575432777899378
600,2890,1,0.569101486827244
601,2892,0,0.25813779477182147
602,2901,0,0.18271350945750048
603,2902,0,0.16836044123499153
604,2905,0,0.3632806046361694
605,2917,0,0.3746023746178046
606,2922,1,0.5492882685443918
607,2924,0,0.06861205976091235
608,2930,0,0.12596572794881628
609,2931,0,0.11071261363493455
610,2946,0,0.12208065062945868
611,2955,0,0.31558890540452966
612,2962,0,0.013560325196928631
613,2964,0,0.01770760677602604
614,2965,0,0.42262287129219234
615,2967,0,0.02089126239937831
616,2970,0,0.06046968037567732
617,2973,0,0.4282480109942488
618,2974,0,0.24575854094727312
619,2976,1,0.650969768207682
620,2977,0,0.23512828460257487
621,2978,0,0.1494378918669534
622,2986,0,0.1156894709440159
623,2988,0,0.32277550229129776
624,2989,0,0.1943367895973373
625,2995,1,0.7121877701832126
626,3005,1,0.553154169752373
627,3011,0,0.10552717523888383
628,3013,0,0.034158307228663747
629,3019,1,0.576457750069367
630,3021,0,0.018507243307213813
631,3022,0,0.3740798252828157
632,3029,0,0.14330205697480008
633,3037,0,0.1775384747470396
634,3042,0,0.1720688408822708
635,3043,0,0.16288893939738644
636,3049,0,0.10801965089153817
637,3050,1,0.6045053431769386
638,3053,0,0.2555196495751558
639,3058,0,0.23006663834965646
640,3062,0,0.22108744288436094
641,3063,0,0.31024128987286026
642,3065,0,0.03501100874462725
643,3080,0,0.06319336885738769
644,3088,0,0.20751746772914098
645,3093,0,0.46946389530684807
646,3096,0,0.42507561012815204
647,3101,0,0.29091833689408975
648,3103,0,0.25214510750770713
649,3107,0,0.35176531923372273
650,3109,0,0.04332002912561778
651,3111,0,0.10127203506580021
652,3113,1,0.780968825140456
653,3116,0,0.004447778113905154
654,3132,0,0.13831587160934028
655,3141,0,0.22765149419558423
656,3153,0,0.2996622470434164
657,3154,0,0.030283729808512082
658,3160,0,0.1966942698316291
659,3167,0,0.061423140784752986
660,3170,0,0.3772213644965301
661,3173,1,0.5008551590098905
662,3174,0,0.3163447577800565
663,3177,0,0.19155262165823347
664,3179,0,0.21045478442162713
665,3184,0,0.44539072859264034
666,3190,0,0.392529567750235
667,3193,0,0.06528915404646542
668,3199,0,0.3052687508622472
669,3201,0,0.05583631069081081
670,3202,0,0.28288380454720824
671,3203,1,0.5712849914341669
672,3206,1,0.5198379948833878
673,3209,0,0.05112031892460983
674,3210,0,0.44569396263741773
675,3217,0,0.28080384692480714
676,3220,0,0.11504269062590486
677,3228,0,0.3937001299780132
678,3232,0,0.027271055523029736
679,3239,0,0.08582810730270166
680,3243,1,0.5291997465708213
681,3245,0,0.1575892784794967
682,3246,0,0.4120999609934767
683,3251,0,0.05152878536287365
684,3253,0,0.26266331749827343
685,3257,0,0.06561767984353474
686,3260,0,0.012233628059349778
687,3261,0,0.31375760286719234
688,3263,0,0.31126365682559143
689,3278,0,0.21209983060222848
690,3281,0,0.16543069611226716
691,3283,0,0.06377910643727219
692,3290,0,0.02311856643552078
693,3297,0,0.3086058491066281
694,3304,0,0.07810911299618088
695,3305,0,0.44232466274410404
696,3307,0,0.06897224806424944
697,3308,0,0.3777822809747554
698,3313,0,0.31630547673424375
699,3314,0,0.22781093005353317
700,3317,0,0.15105345640758927
701,3348,0,0.051528816121285785
702,3350,0,0.3189198768669398
703,3359,0,0.02723882716002925
704,3367,0,0.08093833335523419
705,3376,0,0.11450396998928593
706,3378,0,0.2981743978586204
707,3384,1,0.823570283795909
708,3386,0,0.12034944099410536
709,3387,0,0.11831328274317673
710,3388,0,0.10162742531025543
711,3390,0,0.03853587412232987
712,3391,0,0.4265162772812661
713,3396,0,0.22506496823511374
714,3398,0,0.026737788206914644
715,3404,0,0.030911214038404102
716,3406,0,0.03026513027699882
717,3407,0,0.05337145352232531
718,3414,0,0.04971551415194808
719,3419,0,0.13960821980474744
720,3423,1,0.563519774773744
721,3427,0,0.046078408543535586
722,3432,0,0.04780211683535097
723,3434,0,0.04030955370687976
724,3438,0,0.031944192221070915
725,3442,0,0.16478110323393053
726,3443,0,0.044003105920517815
727,3448,0,0.06350799443998302
728,3456,0,0.06293161849093776
729,3464,0,0.1564027361771458
730,3470,1,0.5979242905567277
731,3475,1,0.5231406237463737
732,3477,0,0.4165367180060789
733,3490,0,0.06900733942965848
734,3493,0,0.40893029927773017
735,3502,0,0.4508093893665098
736,3508,0,0.03989756227715409
737,3516,0,0.08462515061157985
738,3517,0,0.2748753031663012
739,3525,0,0.28783240083919215
740,3532,1,0.6857404423393333
741,3535,0,0.33412704064955323
742,3536,1,0.7490589517778892
743,3540,0,0.11618135983311562
744,3547,0,0.29684967753673147
745,3550,0,0.4187853253190292
746,3557,1,0.6533061995487093
747,3562,0,0.09990172475616575
748,3563,0,0.10273316229158934
749,3564,0,0.31298309060841634
750,3570,0,0.08672742898969965
751,3573,0,0.27750683469937304
752,3577,1,0.5779657157904541
753,3579,1,0.6657789360153877
754,3581,0,0.03555565436382555
755,3587,0,0.35674617080076076
756,3602,0,0.41104520983979576
757,3609,0,0.35222019040305225
758,3612,0,0.20327721914387567
759,3621,0,0.3762106826125682
760,3642,0,0.2327443540517088
761,3647,1,0.7915230538584732
762,3649,0,0.43121934117182154
763,3654,0,0.4782764958738355
764,3660,1,0.5967193642742289
765,3665,1,0.6846520719104099
766,3669,0,0.39317858532499345
767,3673,0,0.14618601931493932
768,3675,0,0.4255642199081679
769,3678,0,0.046260526295529944
770,3680,0,0.39765903746256803
771,3686,1,0.527146425201736
772,3693,0,0.29773385796223145
773,3710,1,0.6067014813252155
774,3713,0,0.035785995716807385
775,3718,0,0.40474022380060837
776,3725,0,0.07415694324238568
777,3726,0,0.37151396055402547
778,3747,0,0.13506561779275808
779,3753,0,0.021746864391583822
780,3754,0,0.2930877594762425
781,3760,1,0.7987029696907564
782,3763,0,0.043970903877257585
783,3765,0,0.27741384872919667
784,3769,0,0.22592327469482176
785,3771,0,0.45169375082924645
786,3784,0,0.0869507997340697
787,3787,0,0.18484193524229922
788,3794,0,0.29493362507081006
789,3796,0,0.05443059043470164
790,3798,0,0.06721784805704034
791,3809,0,0.18579124314806353
792,3812,0,0.3023741846459966
793,3819,0,0.27069584944146496
794,3828,0,0.18180574535868446
795,3831,0,0.30413894006997777
796,3833,0,0.10865974602026916
797,3837,1,0.6813836380852291
798,3839,1,0.6988396031634184
799,3843,0,0.4792311862671857
800,3846,0,0.07306787142400734
801,3854,0,0.03893144210110489
802,3861,0,0.059401534112579465
803,3864,0,0.40097562935003644
804,3868,0,0.04119965680334771
805,3869,0,0.11843808255791116
806,3870,0,0.17090094667135072
807,3883,0,0.22425127831249347
808,3886,0,0.04602816358545398
809,3889,0,0.2861667287444245
810,3894,0,0.4445498917876894
811,3907,0,0.04243351676416097
812,3910,0,0.07165423604683759
813,3913,0,0.024406804129737815
814,3914,0,0.28369377560950687
815,3921,0,0.2718294507252016
816,3923,0,0.019739750963247753
817,3929,1,0.5512169372807424
818,3931,1,0.5519332589336008
819,3932,0,0.2868106785332589
820,3937,1,0.6082379408623276
821,3943,0,0.25979058158141305
822,3956,0,0.4522367037276981
823,3957,0,0.4623419364339066
824,3961,1,0.5964721840267602
825,3971,0,0.23387158722440957
826,4004,0,0.24335454201889092
827,4005,0,0.04215819164804186
828,4006,0,0.010072438496110612
829,4011,0,0.16019084222638588
830,4013,0,0.10557609661874644
831,4014,0,0.0854304178684729
832,4016,0,0.49478389227375896
833,4017,0,0.021345342606848977
834,4020,0,0.05003420946007869
835,4022,0,0.12649584172592038
836,4026,0,0.21729292109418488
837,4032,0,0.15439559769982564
838,4043,0,0.03443957981257787
839,4045,0,0.26644103358621596
840,4048,0,0.10774796069823697
841,4051,0,0.0769747811547923
842,4052,0,0.2336971777876577
843,4056,0,0.05232820031939318
844,4059,0,0.03603764495335888
845,4069,0,0.04271640488593307
846,4074,0,0.4493609553365255
847,4076,0,0.32122489966603973
848,4077,1,0.6514141698492782
849,4079,1,0.7232841729196711
850,4081,1,0.5763742856533525
851,4088,0,0.1800728980920539
852,4105,0,0.096957770250498
853,4125,0,0.25237795949652414
854,4134,1,0.5156490790107932
855,4139,0,0.0034840323925191827
856,4146,0,0.047358625469518606
857,4149,0,0.11265432368224688
858,4151,1,0.8116377949536052
859,4155,0,0.1489466564414568
860,4157,0,0.1353982022892998
861,4168,1,0.6707154662957392
862,4170,0,0.24568833626943568
863,4174,0,0.08289260150958397
864,4179,0,0.2830765648329682
865,4185,0,0.1291020288053268
866,4199,1,0.7128601180121354
867,4205,0,0.11586590605630807
868,4208,0,0.020784702005493094
869,4211,1,0.6403447729684282
870,4212,0,0.06325777554432178
871,4215,1,0.5782378076238418
872,4217,0,0.13984478843928258
873,4219,1,0.860721069698346
874,4226,1,0.558756148872225
875,4227,0,0.32378614103951847
876,4229,0,0.046428006138138814
877,4231,0,0.141942032440555
878,4233,0,0.013593599402579417
879,4237,0,0.439671957661209
880,4243,0,0.4910916476452861
881,4248,0,0.16871712371298664
882,4255,0,0.10087122323172382
883,4262,0,0.04672168138356504
884,4266,1,0.6260117423635017
885,4268,0,0.3409503624914329
886,4270,1,0.7019000962129462
887,4273,0,0.040821792253599096
888,4276,0,0.07896054633606597
889,4277,0,0.17364026545893937
890,4279,0,0.34710217069832683
891,4299,0,0.14069533140126872
892,4313,0,0.03150966414341993
893,4322,0,0.030292425691919422
894,4324,0,0.060421447365183054
895,4328,0,0.3151426062627415
896,4331,0,0.29755849479842905
897,4335,0,0.03835134539148487
898,4337,0,0.4762934653389913
899,4338,0,0.365120991503682
900,4343,0,0.06848660542916878
901,4347,0,0.12781892843150594
902,4355,1,0.7091187553946523
903,4357,0,0.0031659156833597174
904,4359,0,0.04387037390135752
905,4362,0,0.14421093186390835
906,4368,1,0.5948856429818412
907,4374,0,0.06588539411578308
908,4375,0,0.4758764466794536
909,4378,0,0.41802223302337976
910,4381,1,0.6668767310707908
911,4387,0,0.10074840000727038
912,4400,0,0.029577893683593273
913,4423,0,0.21419459103673208
914,4424,0,0.05263350653079649
915,4428,0,0.4071518857534245
916,4433,1,0.73021296106314
917,4436,1,0.5755200685086381
918,4437,0,0.2097669499757883
919,4439,0,0.312174758673421
920,4449,0,0.2178510257819082
921,4456,0,0.0790490909480035
922,4463,0,0.12554859755719924
923,4467,0,0.09679373855676399
924,4468,0,0.046421660047081946
925,4469,0,0.042535940699327944
926,4472,0,0.1818932607243242
927,4473,0,0.02550571679747715
928,4476,1,0.7238645467840831
929,4500,0,0.017369354542404705
930,4509,0,0.2158976589260252
931,4513,1,0.9090700435180522
932,4521,0,0.023344072674370123
933,4527,0,0.4705853564521499
934,4530,0,0.3771656321764537
935,4532,0,0.4541809660620184
936,4533,0,0.09613646933716524
937,4535,0,0.36579308497596236
938,4536,0,0.46848289067309273
939,4542,0,0.34239910833962345
940,4551,1,0.7364034043962989
941,4554,0,0.07656949795088282
942,4555,1,0.5065025079590572
943,4564,0,0.20146368052422264
944,4572,1,0.5120593082907469
945,4573,0,0.08826910468553995
946,4577,0,0.25544610763164466
947,4579,0,0.2906421530770789
948,4583,0,0.08757702475506592
949,4584,1,0.5141677166851496
950,4596,0,0.046297325356661416
951,4599,0,0.21276163026452866
952,4607,0,0.3274441626074624
953,4609,1,0.5095789427562195
954,4610,0,0.05360386605209466
955,4616,0,0.4249527804917014
956,4617,0,0.2616339761438103
957,4633,0,0.23809632840645684
958,4638,0,0.3384223911765265
959,4641,0,0.030899944406671057
960,4653,1,0.5271999292355612
961,4655,0,0.3441172765871588
962,4659,0,0.40852966721878764
963,4669,0,0.09695977423051796
964,4678,0,0.05545451756922254
965,4685,1,0.6850506934457615
966,4686,0,0.2577643541973394
967,4691,0,0.32307028370461965
968,4695,0,0.10886021305095439
969,4698,0,0.12849981279822298
970,4700,1,0.6678463691046942
971,4711,0,0.0943868898082994
972,4722,0,0.034606384070522425
973,4727,0,0.44129629005953863
974,4756,0,0.009374585406616415
975,4762,0,0.3054761578701885
976,4763,0,0.3605605896243366
977,4766,0,0.06677287029908584
978,4770,0,0.11125010177635562
979,4784,0,0.3116834837706876
980,4791,0,0.08832388103454081
981,4795,0,0.0648691964413143
982,4799,1,0.6736687574808697
983,4802,1,0.573450755202398
984,4805,1,0.5593238054964041
985,4814,1,0.6105184320748418
986,4816,0,0.3826596257526068
987,4817,0,0.05009330539070372
988,4822,0,0.33643662663261054
989,4827,1,0.5197041608682753
990,4833,0,0.14747349090804712
991,4836,0,0.011539125465061424
992,4842,0,0.24605266833585301
993,4844,0,0.07180687670430184
994,4845,0,0.4048213720088863
995,4849,0,0.2308701700850263
996,4850,0,0.23039535583549686
997,4860,0,0.03383611295744902
998,4863,0,0.2545406630144757
999,4871,0,0.09210631961516659
1000,4878,0,0.3203832805541331
1001,4881,1,0.6861718370166735
1002,4888,1,0.6030718181248894
1003,4900,0,0.18223243629851532
1004,4906,0,0.47376518079780094
1005,4909,0,0.017592672194467276
1006,4916,0,0.12343742587041226
1007,4918,0,0.4024185817662806
1008,4926,0,0.3814530741195906
1009,4928,0,0.11817274765957901
1010,4941,0,0.37888156787621463
1011,4946,0,0.09716002451358902
1012,4949,0,0.09571467817580719
1013,4956,0,0.04259564705912664
1014,4966,0,0.05173459792577219
1015,4969,0,0.4658136542145059
1016,4973,0,0.1254914525492943
1017,4978,0,0.4873348072879414
1018,4982,0,0.3076478077216861
1019,4985,0,0.029348847668567275
1020,4991,0,0.18419079127881283
1021,4998,0,0.03282670113908409
1022,5000,1,0.5324128533156836
1023,5004,0,0.4024945340265255
1024,5005,1,0.5635378627939297
1025,5011,1,0.7484060525870504
1026,5016,0,0.4649518825807002
1027,5018,0,0.04883533489132046
1028,5034,0,0.2165851111391733
1029,5038,0,0.019301203289128793
1030,5042,0,0.07289256478104833
1031,5046,0,0.047501297474891443
1032,5051,0,0.2326772793460388
1033,5054,0,0.1443846261868303
1034,5057,0,0.2776868437362815
1035,5062,0,0.04491753420847759
1036,5063,0,0.04360116440803283
1037,5065,0,0.09698448981191962
1038,5066,0,0.104182093920948
1039,5076,0,0.26358087660142027
1040,5089,0,0.26590610354214156
1041,5092,0,0.37814631573899254
1042,5093,1,0.5539549909340121
1043,5094,0,0.025880362950878488
1044,5098,1,0.8162578417030919
1045,5102,0,0.03722092063757193
1046,5112,0,0.3541652865930262
1047,5117,0,0.46634022425089977
1048,5127,0,0.486906148178019
1049,5130,0,0.333008250211432
1050,5131,0,0.48871921604847235
1051,5132,1,0.5498831829310047
1052,5135,1,0.7578981625591724
1053,5136,0,0.019459323425436593
1054,5147,0,0.4244350226293478
1055,5157,0,0.06383993809809464
1056,5160,0,0.3331043102658638
1057,5165,0,0.013129085394376962
1058,5166,1,0.5638763355044263
1059,5172,1,0.6052652038786825
1060,5173,0,0.21882169785877748
1061,5179,1,0.7611781290109374
1062,5184,0,0.4730288793401646
1063,5187,0,0.03828557857151021
1064,5191,0,0.08859932241884229
1065,5193,0,0.19355369283966445
1066,5194,0,0.08129768273640918
1067,5199,0,0.18036548232723992
1068,5212,0,0.03422834209648041
1069,5213,1,0.5919691080592843
1070,5224,0,0.21327233381165867
1071,5226,0,0.13100017941130393
1072,5239,0,0.29769944126410613
1073,5252,1,0.757302807839929
1074,5264,0,0.17167808615808253
1075,5266,0,0.013980944257327405
1076,5271,0,0.01910993056122043
1077,5273,0,0.04450545193562767
1078,5276,1,0.715133938502418
1079,5278,0,0.03505925627037954
1080,5281,1,0.6837030010080898
1081,5283,1,0.6011678136090306
1082,5291,0,0.08019348338918765
1083,5294,0,0.34878383596967927
1084,5296,1,0.5452395387464063
1085,5297,1,0.8495243620265525
1086,5313,0,0.024989008640396
1087,5314,0,0.284388828877808
1088,5321,0,0.20240611399870626
1089,5325,0,0.009397154115923474
1090,5326,0,0.12697946098696664
1091,5328,0,0.018721111657170914
1092,5334,0,0.11976831364993143
1093,5338,0,0.4463238837006426
1094,5344,0,0.19698020992005394
1095,5348,0,0.15455639328507786
1096,5352,0,0.20720994118275296
1097,5353,0,0.0712942291296494
1098,5354,0,0.39551838792386007
1099,5361,1,0.8132139002554054
1100,5364,0,0.019860910224113015
1101,5365,0,0.12566487881566216
1102,5367,1,0.5621384508885882
1103,5379,0,0.4130574970722101
1104,5382,0,0.3409317897532577
1105,5386,0,0.31425322835471137
1106,5395,0,0.07281138222274872
1107,5410,0,0.22520879753211254
1108,5411,0,0.08975061931631077
1109,5416,0,0.3963211402933188
1110,5424,1,0.6179416350377678
1111,5426,0,0.3292624758011878
1112,5428,0,0.26292282497515196
1113,5430,0,0.25137612951880106
1114,5433,0,0.23049965757249527
1115,5437,0,0.002644599527794133
1116,5440,0,0.3017702980098984
1117,5442,1,0.8453520445507788
1118,5445,0,0.48966682147901863
1119,5449,0,0.18145994466183069
1120,5452,0,0.38370840337181966
1121,5460,1,0.6096138032104654
1122,5461,0,0.02056525941953108
1123,5465,0,0.14435065285732668
1124,5467,0,0.07453547791898636
1125,5471,0,0.31120202715022155
1126,5474,1,0.6524195935294076
1127,5475,0,0.03728443227588839
1128,5480,0,0.040840226949037266
1129,5481,0,0.20956577848292968
1130,5484,0,0.11158595200465297
1131,5494,0,0.051284665198240924
1132,5495,1,0.7527801139830251
1133,5497,0,0.049242756839090185
1134,5499,1,0.600045002953704
1135,5507,0,0.038673641882671354
1136,5510,0,0.10417323610757764
1137,5515,0,0.12403508953978146
1138,5516,0,0.05973279501558334
1139,5517,0,0.20208863855071948
1140,5524,0,0.08350714239283223
1141,5530,0,0.13728121042823124
1142,5534,0,0.36948118438338695
1143,5543,0,0.46328094917988594
1144,5545,1,0.5922443329634832
1145,5558,0,0.06657662226928958
1146,5562,0,0.20426406258552163
1147,5573,1,0.781861810898119
1148,5581,0,0.11617561023793377
1149,5583,1,0.5004315795930185
1150,5587,0,0.469033660423895
1151,5589,1,0.8156065037210021
1152,5591,0,0.16596525082311753
1153,5596,0,0.3036850315343776
1154,5606,1,0.7691128531341911
1155,5608,0,0.29600670821939795
1156,5611,0,0.05011005413584304
1157,5612,0,0.2408873040149286
1158,5614,0,0.24541837993171614
1159,5620,0,0.021985043482740173
1160,5623,0,0.0925642811118723
1161,5624,0,0.08596730123415669
1162,5626,0,0.2107967171996603
1163,5633,0,0.20384913486787182
1164,5635,0,0.06414432120254035
1165,5640,0,0.4718374429082063
1166,5643,0,0.09272018453267702
1167,5644,0,0.4869258019847854
1168,5653,0,0.34832105127140106
1169,5663,0,0.02371274395866284
1170,5664,1,0.515329744323062
1171,5667,0,0.49504436415104874
1172,5671,1,0.5929477320949854
1173,5673,1,0.590445985676296
1174,5676,0,0.04013033711064359
1175,5678,0,0.11973773228933367
1176,5698,0,0.2905596662557511
1177,5700,0,0.017482313292192218
1178,5705,0,0.3342536193613327
1179,5706,1,0.708400435729504
1180,5711,0,0.061048414188409825
1181,5712,1,0.8232456278008297
1182,5716,0,0.1733962161594063
1183,5719,0,0.2777635507536999
1184,5725,1,0.8762464745871968
1185,5728,0,0.07102136553647505
1186,5734,0,0.058343365713945126
1187,5735,0,0.06454785592824751
1188,5743,0,0.23110783490923126
1189,5754,0,0.2336460671241635
1190,5755,0,0.3452196234605263
1191,5756,0,0.10573199959637496
1192,5766,0,0.02378305428810795
1193,5770,1,0.6246335861144604
1194,5774,0,0.19131111153808392
1195,5775,0,0.02517902670727557
1196,5776,0,0.11715804654042362
1197,5778,0,0.02921304695125238
1198,5786,0,0.44195383352789175
1199,5787,0,0.34401283876847255
1200,5791,0,0.1657076065409326
1201,5794,0,0.1915727253488282
1202,5803,0,0.2438360742278416
1203,5804,0,0.27064949415872586
1204,5808,0,0.14323404041454638
1205,5810,0,0.019328968042051295
1206,5813,1,0.6124708250800499
1207,5828,0,0.15440499584310058
1208,5839,0,0.16782406297325336
1209,5842,0,0.4525329528508814
1210,5843,0,0.03847497556680558
1211,5844,0,0.2506653549975818
1212,5847,1,0.6163174263900312
1213,5851,0,0.02139234103612602
1214,5854,0,0.05176480312649008
1215,5857,0,0.01652094103315179
1216,5866,1,0.5429347809811605
1217,5874,0,0.4104155159204047
1218,5886,0,0.08638594100255986
1219,5895,0,0.11530330718426612
1220,5897,0,0.035775872238713764
1221,5898,0,0.267860373073143
1222,5900,1,0.6873987642211533
1223,5902,0,0.2684203188709498
1224,5908,1,0.6793392360222494
1225,5909,0,0.021160497390434647
1226,5912,0,0.026256120012969165
1227,5913,0,0.08291857358783924
1228,5917,0,0.3006010601198655
1229,5918,1,0.6182232031063986
1230,5921,0,0.09669217115710797
1231,5931,0,0.3118096221411682
1232,5942,0,0.44907506215969484
1233,5943,1,0.6985429900914402
1234,5950,0,0.031847654409679745
1235,5954,0,0.005501846758253221
1236,5983,0,0.01988340345574363
1237,5995,1,0.7182751809547008
1238,6002,0,0.11493928744726899
1239,6005,0,0.04949252309393307
1240,6009,0,0.36698966537936367
1241,6011,0,0.006457254498481836
1242,6012,0,0.011747528695753491
1243,6019,0,0.25258585373556647
1244,6021,0,0.15655483319779015
1245,6029,1,0.7357124284847929
1246,6036,0,0.3589982413167807
1247,6037,0,0.005497109757415977
1248,6038,0,0.0413853906911225
1249,6043,0,0.05193139621400553
1250,6045,0,0.12390799473647772
1251,6047,1,0.7652976846371172
1252,6048,0,0.029629156750396842
1253,6061,0,0.3820481400813849
1254,6063,0,0.26943074246815646
1255,6064,0,0.09339545507897627
1256,6068,1,0.7602225676489892
1257,6069,0,0.02822846496342176
1258,6070,0,0.4392819291101137
1259,6071,0,0.24739144777393943
1260,6074,0,0.20671054771682293
1261,6079,0,0.3139561378444845
1262,6082,0,0.024742629988783137
1263,6088,1,0.7866542774657151
1264,6094,0,0.10574819137600862
1265,6095,0,0.2940623975065551
1266,6098,0,0.4532346889396986
1267,6102,0,0.024115627160018586
1268,6105,0,0.4669810668567169
1269,6113,0,0.10247663786487288
1270,6116,0,0.26244464009784346
1271,6120,0,0.29842244104149135
1272,6121,0,0.3538619451364757
1273,6126,0,0.30017091310385174
1274,6144,0,0.09822712199206353
1275,6145,0,0.025824571610402705
1276,6153,0,0.3924828581908908
1277,6156,0,0.1604933043467614
1278,6159,0,0.25130626576584386
1279,6162,0,0.06259798473216728
1280,6184,1,0.7380819939577047
1281,6188,0,0.24822650249732559
1282,6189,0,0.2492383707079839
1283,6191,0,0.42729208388116446
1284,6211,1,0.5274147898468837
1285,6216,0,0.19108159853716683
1286,6218,1,0.6189865357417028
1287,6222,0,0.2764111191408215
1288,6235,0,0.1913831592060456
1289,6245,0,0.19750018571885353
1290,6248,1,0.666039220197718
1291,6253,0,0.28993734713149744
1292,6256,0,0.005251943542370075
1293,6257,0,0.485065434159296
1294,6259,0,0.39339928574885386
1295,6266,0,0.0874029181252741
1296,6268,0,0.36201854662517186
1297,6275,0,0.1890203412172554
1298,6280,1,0.6526875667794934
1299,6283,0,0.3740189222103726
1300,6288,0,0.054964665092716754
1301,6289,0,0.0763071439403825
1302,6301,0,0.05188133690373973
1303,6308,0,0.19105722426244942
1304,6314,0,0.01803003594993512
1305,6315,0,0.0919619520480047
1306,6316,1,0.629030125107821
1307,6317,0,0.49211697794728804
1308,6318,0,0.05043751005880238
1309,6323,1,0.7454349035964265
1310,6329,1,0.5314088048829891
1311,6336,0,0.23763553319864672
1312,6341,1,0.8495555484303933
1313,6348,0,0.2101771723789925
1314,6349,0,0.02782558337523121
1315,6365,0,0.029642147258561402
1316,6372,0,0.16941374586557417
1317,6376,0,0.024774228819106934
1318,6378,0,0.07239015462222649
1319,6379,1,0.8242190895367161
1320,6382,0,0.18479383115919537
1321,6383,0,0.45602527850443036
1322,6389,1,0.6877315455373255
1323,6390,0,0.028679200818405807
1324,6392,0,0.0572519186414013
1325,6394,1,0.5639249234979945
1326,6402,0,0.1210289860781219
1327,6404,0,0.4555313804214677
1328,6405,0,0.014090547501297273
1329,6406,0,0.24986660077705275
1330,6409,0,0.08220040961317393
1331,6410,0,0.11827608068869776
1332,6411,0,0.09681817997455325
1333,6421,0,0.08569052265976933
1334,6428,0,0.3527487696346877
1335,6429,0,0.2874379962692439
1336,6432,0,0.17448024705029155
1337,6436,0,0.01978395211379428
1338,6437,0,0.3425914619283636
1339,6438,0,0.2514113034566143
1340,6445,0,0.09818551455552518
1341,6447,1,0.5666077583952503
1342,6450,0,0.023254963579981178
1343,6462,0,0.15413883584622123
1344,6467,1,0.6026600937244204
1345,6478,0,0.03101297238494356
1346,6484,0,0.20673708892821396
1347,6492,0,0.40930871493247484
1348,6497,0,0.03515243078129945
1349,6504,0,0.24854499288494034
1350,6505,0,0.13636119820816273
1351,6513,1,0.583367629633985
1352,6525,0,0.18461550456484216
1353,6526,0,0.24806253267276543
1354,6528,0,0.03748297684857078
1355,6540,0,0.00761546275653467
1356,6542,0,0.12977155332447535
1357,6544,0,0.41978054696439226
1358,6548,0,0.07773353792386334
1359,6552,0,0.26229050407218907
1360,6558,0,0.008180952439992218
1361,6567,0,0.03891361954025647
1362,6569,1,0.5940236056117194
1363,6572,0,0.09043281968939314
1364,6577,0,0.058168819752204004
1365,6581,0,0.22458032721725055
1366,6588,1,0.5989540126807339
1367,6591,1,0.7177605593139937
1368,6594,0,0.354400663068303
1369,6600,0,0.48850313502488274
1370,6602,0,0.2205463584326265
1371,6604,0,0.05196588413703873
1372,6605,0,0.030046685451357583
1373,6614,0,0.2549873423387047
1374,6616,0,0.20603254270421562
1375,6621,0,0.36135467468971577
1376,6640,0,0.34049426939492394
1377,6641,0,0.29231657118904314
1378,6643,0,0.03709763810746692
1379,6644,0,0.2090582860317426
1380,6649,1,0.5197782797956622
1381,6650,1,0.7253378197147772
1382,6655,0,0.4370062760889684
1383,6661,0,0.02285676148475874
1384,6672,0,0.3085987902643013
1385,6677,0,0.039597583610391285
1386,6688,0,0.07492684879149869
1387,6689,0,0.09644540388106781
1388,6691,0,0.025117310732838787
1389,6692,0,0.39367531637361836
1390,6694,1,0.7349698291838958
1391,6702,0,0.489620879093375
1392,6714,0,0.04997266007478899
1393,6716,0,0.4870889150518295
1394,6724,0,0.08101743512375544
1395,6725,0,0.10968817572793338
1396,6730,0,0.15934604611074007
1397,6735,0,0.49111687350185246
1398,6738,0,0.3768412973423949
1399,6739,0,0.27620126413136487
1400,6743,0,0.2645902957612795
1401,6747,0,0.13863221552065708
1402,6750,1,0.7595066073581935
1403,6751,1,0.5499681788933773
1404,6753,0,0.3402356379369937
1405,6754,0,0.3170023650914452
1406,6755,0,0.09567990404106526
1407,6762,0,0.21091945720675823
1408,6764,0,0.07415857805908466
1409,6772,1,0.6563019076445799
1410,6774,0,0.11543460202310767
1411,6787,0,0.24142813013882217
1412,6789,0,0.03009017192727174
1413,6793,0,0.13419784567611567
1414,6798,0,0.011289245198956134
1415,6799,0,0.02059110280393499
1416,6800,0,0.10693523535344553
1417,6802,0,0.026579484916534994
1418,6808,0,0.3573257278703036
1419,6809,0,0.0660570902179476
1420,6812,0,0.01178652817212773
1421,6814,1,0.8305533998034278
1422,6816,1,0.5161890356597624
1423,6822,0,0.07123878966237897
1424,6829,0,0.3775464074803826
1425,6834,1,0.8562911597386451
1426,6836,0,0.027269500290942765
1427,6839,0,0.19468786884548808
1428,6840,1,0.5158646799763483
1429,6843,0,0.05682754070175503
1430,6846,0,0.43367161387413916
1431,6848,0,0.01506118123089957
1432,6852,0,0.06854837550620504
1433,6856,0,0.2832462144037921
1434,6860,0,0.09368949679061006
1435,6866,0,0.434663838612401
1436,6870,0,0.44321609255382133
1437,6878,1,0.6279632303806875
1438,6880,0,0.09793713781070708
1439,6885,0,0.020030722273520627
1440,6897,0,0.05087059360811976
1441,6902,1,0.805945355294787
1442,6904,1,0.5319716897297856
1443,6907,0,0.06886488314807196
1444,6909,0,0.1704776332285865
1445,6914,1,0.6147017503188493
1446,6915,0,0.4462672889069412
1447,6922,0,0.3175229501451549
1448,6924,0,0.22303983815874978
1449,6933,0,0.08679127698937911
1450,6934,0,0.10285888118476266
1451,6941,0,0.2947242497303094
1452,6957,0,0.27368558902018814
1453,6960,0,0.05311474737723915
1454,6969,0,0.04662788145167424
1455,6975,0,0.13351387579679974
1456,6980,1,0.7295181243473243
1457,6983,0,0.05286418022646398
1458,6987,0,0.1051653501893188
1459,6994,0,0.054161823591464694
1460,6997,0,0.006729955109128883
1461,7002,0,0.13445606019090084
1462,7010,0,0.02007052650172961
1463,7015,0,0.43992234388532253
1464,7019,0,0.24871321408886451
1465,7022,0,0.3868616489391622
1466,7025,0,0.03511370500469319
1467,7029,0,0.06708713547067136
1468,7031,0,0.1891862539456509
1469,7037,0,0.42487887916123723
1470,7038,0,0.21304292475665293
1471,7043,0,0.1307752079708206
1472,7049,0,0.06661554560715906
1473,7052,0,0.23790231585642616
1474,7053,0,0.3372430668085413
1475,7056,0,0.005043867314221766
1476,7057,1,0.5282906129253945
1477,7080,0,0.19531797716025706
1478,7086,0,0.14814230671561865
1479,7087,0,0.05247820242812122
1480,7105,0,0.4709302294261502
1481,7108,0,0.007125716493053449
1482,7121,0,0.4856962325316302
1483,7122,0,0.27314422939708577
1484,7125,1,0.5215437605923695
1485,7132,0,0.3209656466739972
1486,7134,0,0.13401269888493647
1487,7151,0,0.33169417051531197
1488,7152,1,0.6935884677146209
1489,7157,0,0.16332872586762667
1490,7159,0,0.14948882385914483
1491,7166,1,0.7327278711477401
1492,7167,0,0.11182011301270295
1493,7177,0,0.04030950242460755
1494,7179,1,0.7580560957934159
1495,7181,0,0.3635049703495609
1496,7183,0,0.1079228064345427
1497,7186,0,0.026106279787507312
1498,7193,0,0.016384668484115576
1499,7205,0,0.04240379578832587
1500,7207,0,0.01571319537560344
1501,7209,0,0.44754278997677804
1502,7216,0,0.29192910756572105
1503,7232,1,0.8116991690284139
1504,7235,0,0.12765667697491245
1505,7238,0,0.38390389323715557
1506,7240,1,0.7524438839220345
1507,7243,0,0.3298958483298361
1508,7252,0,0.2638873355395804
1509,7269,0,0.1819747709066544
1510,7275,0,0.03403317464530236
1511,7281,0,0.17995062643114856
1512,7283,0,0.05037510418065533
1513,7287,0,0.23810147806827855
1514,7289,0,0.3454601847094251
1515,7291,0,0.4216870935032055
1516,7294,0,0.025828681115392074
1517,7304,0,0.4696284722947886
1518,7308,0,0.2616694013545266
1519,7313,0,0.05306925946680035
1520,7319,0,0.3712699732516543
1521,7325,0,0.06231138181219869
1522,7326,0,0.12040194077796647
1523,7330,0,0.3417072792493806
1524,7332,0,0.011558398235022459
1525,7337,0,0.38466062672427276
1526,7341,0,0.18930840491130121
1527,7346,0,0.4101719937524146
1528,7353,1,0.5867103122008234
1529,7354,1,0.7135216126173586
1530,7361,0,0.40720369264914985
1531,7366,1,0.5111513331882556
1532,7368,0,0.02909026961562358
1533,7372,0,0.03782039347938177
1534,7375,1,0.5041013190238435
1535,7377,0,0.35717467647672413
1536,7380,0,0.16189280293047087
1537,7382,0,0.39438547909097665
1538,7385,1,0.7356937116850748
1539,7392,1,0.7367036514119333
1540,7395,0,0.053753550485309796
1541,7397,0,0.23441336644335495
1542,7403,0,0.07662835799474225
1543,7406,0,0.44899036601363645
1544,7409,1,0.5789864519436848
1545,7410,0,0.22670856734144035
1546,7412,0,0.058855560146577224
1547,7419,0,0.3071484391828237
1548,7425,0,0.10650360994644875
1549,7435,0,0.17817030371783815
1550,7438,0,0.31505814951321537
1551,7440,0,0.13570227754523045
1552,7447,0,0.11317566410483129
1553,7449,1,0.6555747337566721
1554,7456,0,0.23999173864641699
1555,7464,0,0.08019659261480294
1556,7478,0,0.16880203155374265
1557,7480,0,0.0349692666584892
1558,7481,0,0.4530379748452365
1559,7483,0,0.2211932341139676
1560,7484,0,0.1500364148850692
1561,7491,1,0.6564428324556333
1562,7494,0,0.2914209640984726
1563,7501,0,0.4219301153821669
1564,7503,1,0.7702967765676902
1565,7509,0,0.2249467680053364
1566,7517,0,0.12861317265068478
1567,7518,0,0.23048841889686233
1568,7519,0,0.2474451710287626
1569,7521,0,0.4904435083452552
1570,7522,1,0.5830655915867973
1571,7536,0,0.05544362585276833
1572,7539,0,0.022807672565596387
1573,7547,0,0.4034983069631387
1574,7549,0,0.053039513566298165
1575,7552,0,0.3973338326458004
1576,7554,0,0.32140469210585504
1577,7556,0,0.03568450722147719
1578,7564,0,0.1336829213291145
1579,7566,0,0.2899336988911749
1580,7570,0,0.27865011306361076
1581,7571,0,0.023744773464054982
1582,7572,0,0.24185821527572288
1583,7575,0,0.06842317870193029
1584,7586,0,0.0838216275211065
1585,7589,0,0.03739439169890276
1586,7590,0,0.021059906750139412
1587,7597,0,0.35403650078959337
1588,7602,0,0.020702399119303813
1589,7604,0,0.39645550527660034
1590,7605,0,0.4166108751208983
1591,7612,1,0.7840740310129726
1592,7615,0,0.07185438253757188
1593,7617,0,0.13373186072023036
1594,7624,0,0.08899467394061916
1595,7632,0,0.1279041606520812
1596,7639,0,0.36305630044202525
1597,7642,0,0.23803517793384976
1598,7643,0,0.15308266169393225
1599,7649,0,0.4106002615345272
1600,7650,0,0.4662351505058905
1601,7653,0,0.27083756897520955
1602,7654,0,0.33563580432861434
1603,7657,1,0.5837911862010526
1604,7662,0,0.22719566825100734
1605,7669,1,0.7969015516010386
1606,7671,0,0.012075022127430344
1607,7675,0,0.060816884451096405
1608,7678,0,0.16352998366208205
1609,7682,1,0.8412831375376686
1610,7688,0,0.3908890947711666
1611,7689,0,0.12024539481617622
1612,7690,0,0.08456169095671973
1613,7692,0,0.45580549153910016
1614,7699,0,0.3580677896123161
1615,7705,1,0.6429197814956698
1616,7712,0,0.15849641495966085
1617,7726,1,0.5507053951884769
1618,7728,0,0.26119876772117134
1619,7735,0,0.38122037365811107
1620,7737,1,0.6200389376536337
1621,7739,0,0.03834279249937907
1622,7743,1,0.6384371901983916
1623,7744,0,0.20283880658303055
1624,7746,0,0.206404198052515
1625,7749,0,0.24079792239710562
1626,7750,0,0.379257811004046
1627,7752,0,0.05668864057562203
1628,7755,0,0.12302925448215571
1629,7756,1,0.8221760938584537
1630,7762,0,0.1109568296294267
1631,7764,1,0.7098598782950377
1632,7769,0,0.1126518622559998
1633,7770,0,0.42090929329521165
1634,7776,0,0.15022664796975635
1635,7778,0,0.24151684679993232
1636,7784,1,0.5258347223429978
1637,7786,0,0.2657833671315452
1638,7789,0,0.2486825488893372
1639,7793,0,0.28145380771146955
1640,7794,0,0.04858837905300997
1641,7804,0,0.300731903255128
1642,7811,0,0.2505338999884532
1643,7813,0,0.1779759282280309
1644,7815,0,0.3659069164376834
1645,7817,0,0.013987906504204011
1646,7818,0,0.2708527858506741
1647,7821,0,0.14525997484311431
1648,7825,0,0.03496987734008754
1649,7830,1,0.6315145787062149
1650,7832,0,0.1874930232174791
1651,7835,0,0.008703224395244997
1652,7839,0,0.24396579845389763
1653,7842,0,0.02608814757758076
1654,7849,1,0.5254844461265501
1655,7856,0,0.3808277106336874
1656,7857,0,0.0033057700053623117
1657,7863,0,0.06371922945355511
1658,7866,0,0.22688369888939527
1659,7871,0,0.11102501972687409
1660,7875,1,0.539903440063643
1661,7882,1,0.629948815146777
1662,7887,1,0.595404019784638
1663,7888,1,0.6669926795898108
1664,7891,1,0.9022022475568974
1665,7895,0,0.014960242899052465
1666,7901,0,0.39406160017839886
1667,7906,0,0.3084044348378804
1668,7908,1,0.8478266673267199
1669,7917,0,0.13492795315234732
1670,7924,1,0.6445527881081272
1671,7948,0,0.25850779209571956
1672,7950,1,0.7335584998119046
1673,7955,0,0.16324691775531877
1674,7957,0,0.04344272782058353
1675,7959,0,0.2601300319496312
1676,7967,0,0.05302603642218161
1677,7969,0,0.04093646891178956
1678,7971,0,0.19408050515592914
1679,7974,0,0.29196649342916386
1680,7976,0,0.07071285222339216
1681,7986,1,0.7838249558826348
1682,7987,1,0.6113635382835186
1683,7993,0,0.2539693942649651
1684,7996,0,0.49736682304913554
1685,7998,0,0.214022069814701
1686,8018,0,0.03971826751647099
1687,8019,0,0.4094555146941886
1688,8027,0,0.01441625230817971
1689,8036,0,0.05176710688869615
1690,8040,0,0.056288296368352884
1691,8044,0,0.06025303440005399
1692,8050,0,0.029091813088307134
1693,8052,0,0.4392520852445821
1694,8054,0,0.35337968679409265
1695,8057,1,0.6379831412583173
1696,8058,0,0.1666612153410454
1697,8059,1,0.5421933521880006
1698,8066,1,0.8468131203411178
1699,8070,0,0.05239684940500053
1700,8072,0,0.47450153843962245
1701,8078,0,0.018911156162273495
1702,8079,0,0.0655518023091917
1703,8080,0,0.4242056780617478
1704,8081,0,0.19586981359821515
1705,8088,0,0.13191536121755776
1706,8091,1,0.6345297478120371
1707,8094,0,0.19137991013755506
1708,8095,1,0.7578368481266833
1709,8099,0,0.06832139431811124
1710,8101,0,0.33170554020565324
1711,8102,0,0.01120859451553054
1712,8116,0,0.46559879514537555
1713,8125,0,0.1870929244885108
1714,8134,0,0.3590470289430017
1715,8139,0,0.027816929960086473
1716,8141,0,0.07419976915895546
1717,8147,0,0.05795883861390155
1718,8158,0,0.29300564290819553
1719,8160,0,0.07486160901728446
1720,8165,0,0.3427833771403401
1721,8187,0,0.39334749109467243
1722,8205,0,0.30723661970215066
1723,8209,0,0.3221270605208212
1724,8211,0,0.41709993052947103
1725,8232,0,0.002585108097320439
1726,8236,0,0.10436023270329627
1727,8237,0,0.28833479195069867
1728,8238,1,0.7508025342413988
1729,8245,0,0.3762783265865278
1730,8256,0,0.4155530607618314
1731,8268,0,0.053463108541810286
1732,8269,0,0.020278242863752825
1733,8270,0,0.4323522175570351
1734,8286,0,0.14450087720071783
1735,8289,0,0.06512038945731666
1736,8301,0,0.4008451902940942
1737,8305,0,0.12263992201479788
1738,8310,0,0.30955184875639974
1739,8312,0,0.03469437406830931
1740,8318,1,0.890392289853642
1741,8321,0,0.18269100356974055
1742,8328,0,0.04266660526009291
1743,8331,0,0.035242444383395424
1744,8334,0,0.41291378203522017
1745,8344,0,0.20323991110871664
1746,8345,0,0.1530786495489301
1747,8352,0,0.27980365707251514
1748,8358,0,0.4861086951859286
1749,8359,0,0.25684666432280895
1750,8360,0,0.17848836293101605
1751,8365,0,0.23245571409706864
1752,8366,0,0.15900041866523185
1753,8369,1,0.7432966698081466
1754,8373,0,0.04334745605724616
1755,8378,0,0.12939193124971887
1756,8392,0,0.10598194556995938
1757,8397,0,0.443736478327911
1758,8399,0,0.19880480204286288
1759,8400,0,0.10241323526237124
1760,8405,1,0.5804723207964771
1761,8406,0,0.039276952697819584
1762,8410,0,0.13542171650063545
1763,8413,0,0.0760385293432128
1764,8414,0,0.33097786312764516
1765,8416,1,0.7104513862352557
1766,8426,0,0.07065918872666498
1767,8434,0,0.3060617868772463
1768,8439,0,0.11020938736007267
1769,8440,0,0.13302464115755808
1770,8475,0,0.014326324043835756
1771,8480,0,0.10839520104500452
1772,8497,0,0.23810258240803175
1773,8499,1,0.8066695004807415
1774,8500,0,0.3478027111021192
1775,8501,0,0.045827398110608854
1776,8502,1,0.5143073818343062
1777,8518,0,0.42378766968723075
1778,8520,1,0.5266985952948763
1779,8523,0,0.3167172502798435
1780,8525,0,0.18947111903320643
1781,8532,0,0.08436196805609626
1782,8535,0,0.32226322675775765
1783,8543,0,0.27802161552554666
1784,8554,0,0.238062195518063
1785,8560,0,0.0926955316048916
1786,8561,0,0.1912218932094083
1787,8563,0,0.016209679334066546
1788,8566,1,0.803899385669907
1789,8570,0,0.3806310387224205
1790,8572,0,0.06062215410602323
1791,8582,0,0.1833210468158704
1792,8583,0,0.3013957448640166
1793,8587,0,0.1874112572061902
1794,8592,0,0.312192788709773
1795,8593,0,0.47633124527985476
1796,8607,0,0.021928367354383367
1797,8609,0,0.17790003781953656
1798,8610,0,0.03771298850810492
1799,8614,0,0.3645670888512854
1800,8616,0,0.41003660400825837
1801,8622,0,0.13177102787777098
1802,8623,0,0.12366806040231146
1803,8624,0,0.26372136880077485
1804,8633,0,0.11756872595731507
1805,8641,0,0.3880875366600581
1806,8644,1,0.6706120359610866
1807,8649,1,0.6798236268330418
1808,8653,0,0.17301679509270024
1809,8657,0,0.17128157993647178
1810,8658,0,0.15453770659500293
1811,8663,0,0.08198064441672996
1812,8672,1,0.5569713123667098
1813,8680,0,0.37363547786156087
1814,8684,0,0.48040238969240856
1815,8687,0,0.091109852796689
1816,8688,0,0.04200852448033056
1817,8690,0,0.15574562149128035
1818,8712,0,0.2299804895028435
1819,8717,0,0.2801536618076697
1820,8730,0,0.035537731928526384
1821,8739,0,0.1187242286433362
1822,8744,0,0.028794239623553153
1823,8747,0,0.36776465348004006
1824,8748,0,0.30349807016859565
1825,8751,1,0.7707511000189957
1826,8758,0,0.25853086374000794
1827,8761,0,0.44295572648988646
1828,8763,0,0.0060243487137588625
1829,8764,0,0.283304803845531
1830,8765,0,0.2508579593760332
1831,8773,0,0.06487560085000749
1832,8780,0,0.12764744111067255
1833,8781,0,0.09881563581997496
1834,8782,0,0.45898739375740377
1835,8785,0,0.15170707525432822
1836,8786,0,0.16358759600954212
1837,8797,1,0.8539447605618122
1838,8799,0,0.05690028920569531
1839,8807,1,0.7339456586488515
1840,8816,0,0.04582405043292553
1841,8817,0,0.05158353741471628
1842,8826,0,0.24151823471579945
1843,8833,0,0.21525733610217265
1844,8834,0,0.0510650292021521
1845,8835,0,0.08005387765922946
1846,8840,0,0.132304684608655
1847,8843,0,0.0971263641847184
1848,8849,0,0.35410163717371584
1849,8855,0,0.14607447296043707
1850,8861,0,0.26072031058924716
1851,8862,0,0.18798894918230127
1852,8865,0,0.2903723006150013
1853,8868,0,0.006487034592701536
1854,8870,0,0.014703473071848909
1855,8880,0,0.3527209345006281
1856,8885,0,0.06443083007564984
1857,8894,0,0.17223705775430875
1858,8895,0,0.13753057248354797
1859,8899,0,0.0391851860643703
1860,8912,0,0.32918399012954075
1861,8922,0,0.015859501833415997
1862,8924,0,0.1278955890347953
1863,8928,0,0.22736397705936262
1864,8932,0,0.40606041865000086
1865,8943,0,0.17055814710868328
1866,8945,0,0.06538021529310283
1867,8946,0,0.045572750820461826
1868,8954,0,0.4077364110508813
1869,8958,0,0.4501932797739201
1870,8960,1,0.5237101996960283
1871,8965,0,0.29618196018223814
1872,8966,0,0.044996269814249194
1873,8967,0,0.0340402161016256
1874,8969,0,0.31533987521311774
1875,8980,0,0.15003339550224826
1876,8984,0,0.016872522070378294
1877,8985,1,0.6658347645190281
1878,8988,0,0.349052489685937
1879,8989,0,0.4282561520067315
1880,8995,0,0.1410597960217346
1881,9004,0,0.07583951259858436
1882,9010,0,0.041987171062364895
1883,9012,0,0.1668479814482548
1884,9018,0,0.46335872306931886
1885,9036,0,0.28784909613250725
1886,9037,0,0.16741647944868046
1887,9040,0,0.07909784950577635
1888,9041,0,0.32015652078467005
1889,9044,0,0.2663856922261558
1890,9045,0,0.07620957487328434
1891,9047,0,0.3373581194572561
1892,9049,0,0.02076110115780628
1893,9061,0,0.016226367994274116
1894,9062,0,0.3223748314031465
1895,9076,0,0.17468075185101967
1896,9079,0,0.2476976142480188
1897,9081,0,0.23798915073530125
1898,9082,0,0.14734957854536124
1899,9089,1,0.6870210604608221
1900,9092,0,0.23331479972141755
1901,9094,0,0.3502692754982843
1902,9115,0,0.03311184762358697
1903,9117,0,0.36619791968387216
1904,9118,0,0.19899240302493876
1905,9120,0,0.030414630686839115
1906,9124,0,0.015034733571692936
1907,9128,0,0.22915129204103585
1908,9135,0,0.3656158883897711
1909,9136,1,0.7793223872225439
1910,9138,0,0.30597876905037275
1911,9157,0,0.4357075238847292
1912,9176,0,0.05757496280731222
1913,9183,0,0.2769681854787532
1914,9187,0,0.49615724714699455
1915,9188,0,0.42269155474248915
1916,9190,0,0.09549742172278575
1917,9197,0,0.029077126719496298
1918,9200,0,0.03874152454709969
1919,9201,0,0.21277530048083976
1920,9203,0,0.021798448674249914
1921,9212,0,0.43751088205723215
1922,9213,0,0.0824374132600687
1923,9214,0,0.10361411563006978
1924,9217,0,0.3125506087030069
1925,9219,0,0.004870495309693931
1926,9220,0,0.184662915328162
1927,9221,0,0.1426867551912447
1928,9237,0,0.011965688555466559
1929,9240,0,0.1333972407598606
1930,9241,0,0.006557644557647281
1931,9248,0,0.27161464892113246
1932,9253,0,0.47492011183872873
1933,9259,1,0.6592313322324129
1934,9267,0,0.13330720908963917
1935,9271,0,0.4234273168794325
1936,9273,0,0.3159987070054434
1937,9285,0,0.022910838215222478
1938,9290,0,0.11474769304352105
1939,9291,0,0.10491336249229416
1940,9293,0,0.05980118644262509
1941,9294,0,0.05258516941839541
1942,9301,0,0.11236116723802947
1943,9302,0,0.04484937067230554
1944,9312,0,0.014698722504899763
1945,9316,0,0.27563596546786057
1946,9319,1,0.688902863659829
1947,9328,0,0.05775048325599897
1948,9331,1,0.786041661422315
1949,9338,0,0.030287758155855916
1950,9350,0,0.2664793048640649
1951,9356,0,0.14670228826946383
1952,9359,1,0.5726967269201396
1953,9362,0,0.41700426085024633
1954,9364,0,0.18626558595573314
1955,9370,0,0.3531740463473927
1956,9380,0,0.08379254286567281
1957,9386,0,0.1375670179869596
1958,9394,0,0.32797050733958566
1959,9407,0,0.3721411528511285
1960,9411,1,0.7060641865567412
1961,9422,0,0.3789235061886021
1962,9423,0,0.35698095066481283
1963,9429,0,0.37960091994662243
1964,9433,0,0.21173160001423155
1965,9439,0,0.03270268795763365
1966,9451,0,0.16258438441599213
1967,9452,1,0.5094110762068625
1968,9453,0,0.014725635975577038
1969,9460,0,0.015726445543562746
1970,9465,0,0.04405917486092899
1971,9470,0,0.0402576945577057
1972,9476,1,0.5270945790996359
1973,9485,1,0.6819414687513582
1974,9486,0,0.06092229991733913
1975,9488,0,0.3344836371522874
1976,9507,0,0.008848814309990419
1977,9508,0,0.3290617421509658
1978,9517,0,0.41894674219947803
1979,9521,0,0.15572071394816117
1980,9528,0,0.1753093695645109
1981,9532,0,0.4726168174044151
1982,9536,0,0.18792576058073968
1983,9540,0,0.05618656634206303
1984,9542,0,0.1412136393103422
1985,9546,0,0.2723974464901309
1986,9548,0,0.2446685917168564
1987,9549,0,0.12434717780467693
1988,9554,0,0.09961113643621777
1989,9555,0,0.47705147696248107
1990,9558,0,0.02462179637153681
1991,9573,1,0.7572091400138844
1992,9575,1,0.6091130911822064
1993,9584,1,0.6309870661098839
1994,9586,0,0.13703755466496312
1995,9588,0,0.10214464424518961
1996,9591,0,0.3640281453685052
1997,9592,1,0.7691574119305667
1998,9597,0,0.41572773996293727
1999,9600,0,0.0824331812079927
2000,9603,1,0.5872721751669379
2001,9605,0,0.431060707509025
2002,9614,1,0.6388080841165327
2003,9616,0,0.014125181752384372
2004,9622,1,0.6245436755010466
2005,9624,0,0.15415030907578658
2006,9629,0,0.3867449482220911
2007,9633,0,0.031264105235173936
2008,9640,0,0.2911264303462382
2009,9644,0,0.44220539069883885
2010,9645,0,0.4546302269795991
2011,9646,0,0.08692408563799922
2012,9648,1,0.95423603270937
2013,9649,0,0.030267836786055952
2014,9660,0,0.19894142769565634
2015,9664,0,0.4211545101201269
2016,9675,0,0.06975945153489993
2017,9679,1,0.7929772792024495
2018,9680,1,0.5284870583862799
2019,9682,0,0.03861861610719703
2020,9697,0,0.020781918041313432
2021,9701,0,0.14963042670777552
2022,9704,0,0.3909289361650874
2023,9705,0,0.19202791178744982
2024,9707,0,0.2671552156681654
2025,9714,0,0.05279198032973753
2026,9718,0,0.1421882495290017
2027,9722,0,0.14923519841162022
2028,9739,0,0.1301051337943224
2029,9747,1,0.6840360373062455
2030,9751,0,0.14421048684876586
2031,9757,0,0.15823223754874244
2032,9759,0,0.018587441677888932
2033,9760,0,0.07769123742971966
2034,9764,1,0.6118301180181706
2035,9776,0,0.4051634650459101
2036,9778,0,0.17589451874405676
2037,9786,0,0.0702549433484381
2038,9803,1,0.5317292296823262
2039,9804,0,0.08207292131102689
2040,9815,0,0.08282480267484646
2041,9824,0,0.0153952810730555
2042,9825,0,0.212780106274583
2043,9826,0,0.34941127414181694
2044,9827,0,0.022867120368865457
2045,9833,0,0.06681959216069344
2046,9835,0,0.0595678135003541
2047,9860,1,0.5135165411207969
2048,9865,0,0.2691954549150439
2049,9871,0,0.25253208960388546
2050,9874,0,0.3553192081860932
2051,9880,0,0.27129297736817615
2052,9882,0,0.3610621457260808
2053,9885,0,0.047045940426048066
2054,9888,1,0.6269600095280169
2055,9892,0,0.034514075898201026
2056,9893,0,0.2789533266516432
2057,9896,0,0.26795261006645077
2058,9902,0,0.05414222713070091
2059,9906,0,0.09237032105433347
2060,9910,0,0.2991720894749521
2061,9914,0,0.3415477103482859
2062,9918,1,0.5110330766714135
2063,9920,0,0.2250170065950582
2064,9926,0,0.2538489036187137
2065,9931,0,0.06261736188133979
2066,9935,0,0.38947167438261693
2067,9945,1,0.8897584847524447
2068,9953,0,0.306990414999917
2069,9957,0,0.008724942500411835
2070,9963,0,0.1558626503277768
2071,9972,0,0.2955417500366962
2072,9976,1,0.5145361602415411
2073,9979,0,0.39559733900173105
2074,9980,0,0.020035438614348363
2075,9982,0,0.09143141646943087
2076,9991,1,0.7317708793785516
2077,10000,0,0.2572895088624948
2078,10003,0,0.28586047306150164
2079,10005,1,0.9237612308360961
2080,10014,0,0.026862904089691428
2081,10032,0,0.3934050604659808
2082,10034,0,0.3390505467314656
2083,10041,0,0.013900775006855964
2084,10042,0,0.03046834400340846
2085,10044,0,0.056794660851987984
2086,10045,0,0.33166042876429913
2087,10054,1,0.5027286350596529
2088,10061,0,0.09566500257323049
2089,10062,1,0.5370778973671306
2090,10073,0,0.1303777740344973
2091,10081,0,0.030125684227866278
2092,10084,0,0.4259534517718368
2093,10086,0,0.16991288740676638
2094,10093,0,0.38417885580937045
2095,10101,1,0.7040497303948393
2096,10105,0,0.24204957760394272
2097,10110,0,0.39566673400675934
2098,10113,1,0.587004188564544
2099,10115,1,0.5978732933885686
2100,10119,1,0.5976653230427286
2101,10121,0,0.4042636095492674
2102,10124,1,0.8764923736927174
2103,10126,0,0.18808868247344276
2104,10127,0,0.01868975476833116
2105,10145,0,0.23859506239269596
2106,10147,1,0.5942371443491915
2107,10148,0,0.007867212585777331
2108,10162,0,0.31536038934941335
2109,10163,0,0.022867269322262886
2110,10166,1,0.7957684786982862
2111,10172,0,0.07097238751921447
2112,10173,0,0.46941389013604734
2113,10175,0,0.02381483294089794
2114,10180,0,0.08128891516389097
2115,10186,0,0.02957444855268059
2116,10192,0,0.4907908941324853
2117,10199,0,0.3268073062147224
2118,10209,1,0.9389235653452772
2119,10210,0,0.21052057917136402
2120,10214,0,0.04841224197706274
2121,10215,0,0.23207590588766527
2122,10216,1,0.734674403156256
2123,10232,0,0.2823751504961557
2124,10239,0,0.3182735773083986
2125,10249,0,0.037908745196777165
2126,10253,0,0.34300366715352826
2127,10255,0,0.114916583562047
2128,10262,0,0.04205451992376766
2129,10264,0,0.03122024622610663
2130,10266,0,0.12676155214237067
2131,10268,0,0.24754148305868415
2132,10271,0,0.15845790245810915
2133,10272,0,0.26303972800716935
2134,10276,0,0.4296292773742835
2135,10277,0,0.01881887556635145
2136,10279,0,0.26055666731844407
2137,10281,0,0.019054130344630882
2138,10285,0,0.006590174838054903
2139,10294,0,0.3150825303495824
2140,10300,0,0.1494988887636503
